source,destination,title,group,size_bytes,sha256
CV(1).pdf,documents/cv/alexandre-autran-cv.pdf,Curriculum vitae,cv,108738,5e05eb06179ab7f9d45271b48ef78739b6ff4fdac9d859180bda5e200c7ca166
Report(2).pdf,documents/research/machine-learning/air-pollution-prediction-report.pdf,Air Pollution Prediction from Environmental Data — report,research,1141418,89e47268192d55f87562d06a3439c784b1d8923f382b3ab15d72fbf2950416a7
Report(3).pdf,documents/research/machine-learning/cardiovascular-disease-prediction-report.pdf,Cardiovascular Disease Prediction — report,research,297113,408aa0e035d7eb17955e3fd2413c487bb7ebbc9d6bec4bbadf758860a7f96a19
Beamer.pdf,documents/research/reading-groups/statistical-learning-erm-slides.pdf,Supervised Statistical Learning: Prediction by Empirical Risk Minimization — slides,research,466635,d5eee6c8e08999e9dc89a7449603c9cc38df9c4f707a3ef9693d38bfa7f43891
Beamer(1).pdf,documents/research/reading-groups/elimination-theory-extension-slides.pdf,Elimination Theory and Extension — slides,research,368417,4b8425175d19105b618864fe46e33c2ef548a23dd252c66645412404f5d5e97f
Beamer(2).pdf,documents/research/seminars/stein-point-processes-slides.pdf,Point Process and Stein’s Method — slides,research,282966,05d1333adbc3bd228bd3b71b8843ef83de79d35e0d662209c2a5467ae803f25b
Cours.pdf,documents/courses/random-models.pdf,Modèles aléatoires,course,1921573,24d358286db52699041fc9986218512d29fbfe553b8778ad536a6a1a3820f52d
APPR_Poly.pdf,documents/courses/statistical-learning-high-dimension.pdf,Apprentissage statistique et grande dimension,course,927590,f19d448c86731e5da3e2a4b515ebca232430e695cf67ce86a5109ac654da9941
STMA_Poly.pdf,documents/courses/statistics.pdf,Statistiques,course,975854,a4bfae7fe547b1f51fd52153bcacd577d49cd678ce3a607095c25449a4c43680
Cours(1).pdf,documents/courses/applied-pdes-biology.pdf,EDP appliquées à la biologie,course,2772305,2a63e41439f433bbf17b539948f49847b125ead42800e2d4bd166cbdf5e2764a
calculsto_M2.pdf,documents/courses/stochastic-calculus.pdf,Calcul stochastique,course,1128141,17a43774945f3cf5d7f064ad27c4dcdf6a9ba25e55e3c7773efeadfd2e8a8321
processus_M2.pdf,documents/courses/stochastic-processes.pdf,Processus stochastiques,course,910699,9c83156593f2fdc3a802e2895939d4f3fe9eb80a854eba116909408fe105198f
research.zip::research/Rapport_Alexandre_Autran.pdf,documents/research/bsc/real-root-counting-report.pdf,Algebraic Counting of the Real Roots of Polynomials — report,research,734900,1bb18a03b61c90af1fea1a03f205f9ebd7b409ee959b148a1106b09fd0021b94
research.zip::research/Beamer.pdf,documents/research/reading-groups/geometry-of-numbers-slides.pdf,Geometry of Numbers — slides,research,1316747,94f3a5013e17947c7bc34bf7eefc810f895743f3666751c2d0aaa5d73fbe65e9
research.zip::research/Memoire.pdf,documents/research/reading-groups/geometry-of-numbers-report.pdf,Geometry of Numbers — report,research,2763263,2dc79827bf1a82df19b52208c4c54aaac10c10111ebbd7b0bb80ac29d6321d2a
research.zip::research/Beamer 3.pdf,documents/research/bsc/real-root-counting-slides.pdf,Algebraic Counting of the Real Roots of Polynomials — slides,research,588528,19cd18d95ac22048677eea3a17c2fbf1425c4124459169a92952b966423ebf45
research.zip::research/Beamer 2.pdf,documents/research/bsc/post-quantum-cryptography-slides.pdf,Lattice-Based Post-Quantum Cryptography — slides,research,2984754,10bbe15eacf42a6728c46a78e3f76b9844fe12d5799df7d2a0e4b41892afb7b8
research.zip::research/Report 2.pdf,documents/research/bsc/post-quantum-cryptography-report.pdf,Lattice-Based Post-Quantum Cryptography — report,research,752492,db269bdd1ff5cbdea688f51f47c7049e69daea6a9c7cf749451379e496384606
research.zip::research/Report 3.pdf,documents/research/msc/lotka-volterra-optimal-control-report.pdf,Numerical Simulation and Optimal Control of Spatial Lotka–Volterra Systems — report,research,8283908,ddf7b36eb578443b3819a509926ebd6af515ea239b965449fcea03805498ae46
research.zip::research/Report 4.pdf,documents/research/seminars/stein-point-processes-report.pdf,Point Process and Stein’s Method — report,research,607757,339863f5d7a7c5aea0842219e98f93b97b052de1f3835c962800472de3682341
research.zip::research/Memoire_L1.pdf,documents/research/bsc/hyperbolic-geometry-fuchsian-groups-report.pdf,Introduction to Hyperbolic Geometry and Fuchsian Groups — report,research,538574,d651c9a8c0928476e4ea32a3814bc905ded09e40d595a13dbceb00dc5466f8c7
research.zip::research/Memoire_L2.pdf,documents/research/bsc/topological-matrix-groups-report.pdf,Topological Study of Matrix Groups — report,research,612671,1dbe88d80bf97e0cc148c334ca8df9d4ef0e77c82703b55ed72b9d34fc10710b
research.zip::research/Presentation_Alexandre.pdf,documents/research/bsc/hyperbolic-geometry-fuchsian-groups-slides.pdf,Introduction to Hyperbolic Geometry and Fuchsian Groups — slides,research,363118,36c51f37c0f19228551d8d62e88039577aa2e7e1e66003307fa97b54f7add2a9
Colles.zip::Colles/Colle9.pdf,documents/resources/colles/colle-09.pdf,Colle n°9,colles,159209,f4a6e4723a53d9fc27665f946130703d4149c2102fee11ab6fc417889b313ad5
Colles.zip::Colles/Colle8.pdf,documents/resources/colles/colle-08.pdf,Colle n°8,colles,250991,53bb57b242f985ba06ef68c4ea8f20bd25ea1a06d221e52e909ac94cfbe7be55
Colles.zip::Colles/Colle3.pdf,documents/resources/colles/colle-03.pdf,Colle n°3,colles,286546,7eaf733aff6a21e01408efb74d7b9aec013f55396afc2903bb3b8fac82693c06
Colles.zip::Colles/Colle15.pdf,documents/resources/colles/colle-15.pdf,Colle n°15,colles,195675,1944a7eb8ca8be7d10bbf57b921a7cc5f49a297d768ec5d4606285cbb52ae02d
Colles.zip::Colles/Colle14.pdf,documents/resources/colles/colle-14.pdf,Colle n°14,colles,269931,3c4f05a8bc72ab737619764809e51fbb87391edca01788cc60f3c10bd9e2aecf
Colles.zip::Colles/Colle2.pdf,documents/resources/colles/colle-02.pdf,Colle n°2,colles,255169,ab57e794a2c938e40ca21324ac77c8b6ad38c06d9cbfd9ca21b224d22c84984c
Colles.zip::Colles/Programme + Bibliographie.pdf,documents/resources/colles/programme-bibliographie.pdf,Programme & bibliography,colles,108446,1ea240dd5cf5e7655ac609bb31999e5cc287f379b69a1c640c62e1d38ce4fda4
Colles.zip::Colles/Colle16.pdf,documents/resources/colles/colle-16.pdf,Colle n°16,colles,205825,45af4a3e7d2afefeb1c40f93c7cc0336f1beb55dbb497c6464489bdb82b75ddc
Colles.zip::Colles/Colle1.pdf,documents/resources/colles/colle-01.pdf,Colle n°1,colles,156085,0bfcbd33adfd824a7b6e09830ac8d554c96cfd884701012a8971e6358e80e536
Colles.zip::Colles/Colle13.pdf,documents/resources/colles/colle-13.pdf,Colle n°13,colles,242021,b3bc481eb4b6f9d74adf006896609caf74e5143a4c56c9af87c80b1bd379428c
Colles.zip::Colles/Colle5.pdf,documents/resources/colles/colle-05.pdf,Colle n°5,colles,182522,4d304dd125fa8e1f89fb67f060e94dd1b4a01d0ce38a9594a715645791223651
Colles.zip::Colles/Colle4.pdf,documents/resources/colles/colle-04.pdf,Colle n°4,colles,262375,658702a0dc0016028c90b7197697c5d3869aafe18a3c3f529ce1ed8a06aa4e38
Colles.zip::Colles/Colle12.pdf,documents/resources/colles/colle-12.pdf,Colle n°12,colles,239019,0711bb6e86f7add76d48c7ba2cda8c3919df247a6a31ff247702151b4ebc9e8a
Colles.zip::Colles/Colle6.pdf,documents/resources/colles/colle-06.pdf,Colle n°6,colles,228725,323ff2d34be80d638ef86ed43bd577bd998e60302f26070bb3a9b3006b91d888
Colles.zip::Colles/Colle10.pdf,documents/resources/colles/colle-10.pdf,Colle n°10,colles,206666,71937a404d09369c6083db4df15e0ff80290cceb1f3bbba05ddfd33ab675ee74
Colles.zip::Colles/Oraux 2025.pdf,documents/resources/colles/oraux-2025.pdf,Oraux 2025,colles,196117,24c546c6ceab76c1532aaa1a940e5ae5887f8895c630a3d387a6d327c0146da7
Colles.zip::Colles/Colle11.pdf,documents/resources/colles/colle-11.pdf,Colle n°11,colles,209407,e523378d9da5640a28381b5b12d06530fbb6d82dd206a11cd8ceb54dea110be4
Colles.zip::Colles/Colle7.pdf,documents/resources/colles/colle-07.pdf,Colle n°7,colles,177155,a36a4ec867473c9c8033b45b61b53e8fc42e5e63ba791aff5baec2ef952e0e86
Colles.zip::Colles/attestation.A.Autran.pdf,documents/resources/colles/teaching-attestation-2025.pdf,Teaching attestation (2025),colles,15092,62d0511ea0c8fa07fc164620ca6a66957b8ab19c4482d1324333c723f959379f
Fiches .zip::Fiches /Espaces_préhilbertiens/Automorphismes orthogonaux.pdf,documents/resources/notes/linear-algebra-geometry/automorphismes-orthogonaux.pdf,Automorphismes orthogonaux,notes-linear,246868,ad2bd128a670a421a971bc791696b1bd0d4b60e7d3feb5a7eb10c08b0d8f52b2
Fiches .zip::Fiches /Espaces_préhilbertiens/Prod_mixte.pdf,documents/resources/notes/linear-algebra-geometry/complement-produit-mixte.pdf,Complément : produit mixte,notes-linear,172612,6c6ec73bcc587562f94aea6e1123030723cf728935b6fb01385802c7ddb516d6
Fiches .zip::Fiches /Espaces_préhilbertiens/Proposition.pdf,documents/resources/notes/linear-algebra-geometry/proposition.pdf,Proposition,notes-linear,150472,554039aef6e623d01b012aa825f72d753dd2ffa866d740c4b1b7503734ee62bb
Fiches .zip::Fiches /Espaces_préhilbertiens/Orthogonal_sev.pdf,documents/resources/notes/linear-algebra-geometry/orthogonal-d-un-sous-espace-vectoriel.pdf,Orthogonal d’un sous-espace vectoriel,notes-linear,265363,c698ee130c5163fb9835d1a1349d8742b46cdc331de74333829c80d8792dd1e7
Fiches .zip::Fiches /Espaces_préhilbertiens/Projecteur_orth.pdf,documents/resources/notes/linear-algebra-geometry/projecteur.pdf,Projecteur,notes-linear,150428,5c3b0999abc3fc9541e4b8a448919228066a032a33600613b4e1e1debfc13785
Fiches .zip::Fiches /Suites/Arctan_Fib.pdf,documents/resources/notes/analysis-probability/lien-entre-pi-4-et-la-suite-de-fibonacci.pdf,Lien entre π/4 et la suite de Fibonacci,notes-analysis,205299,888c96189c5b6f3e077e27b41c91c5131a15f7130c57408620036ad3abb4ece1
Fiches .zip::Fiches /Suites/Fiche_Wallis.pdf,documents/resources/notes/analysis-probability/integrales-de-wallis.pdf,Intégrales de Wallis,notes-analysis,184162,7345fc711b0eb45f3206f53fa38856a5f644699004fb7666608b0d6680f82f70
Fiches .zip::Fiches /Suites/WALLIS.pdf,documents/resources/notes/analysis-probability/integrales-de-wallis-5521bd5.pdf,Intégrales de Wallis,notes-analysis,262549,fb72dae96fc6bac51013dc6267b09ee6b9b21ce7c0e10c7dac1694b83e758e05
Fiches .zip::Fiches /Suites/Suites .pdf,documents/resources/notes/analysis-probability/suites-numeriques.pdf,Suites numériques,notes-analysis,194730,0103fb8bab144f12fa7bf9486d59d70eafafbec6b1fcdc74a87949cc22161488
Fiches .zip::Fiches /Suites/STIRLING.pdf,documents/resources/notes/analysis-probability/la-formule-de-stirling.pdf,La formule de Stirling,notes-analysis,242869,28199dc9eca20d4a40cd32c47548e879a8dcf9f87fc63c703ba2003baf44e7cc
Fiches .zip::Fiches /Suites/TLM.pdf,documents/resources/notes/analysis-probability/theoreme-de-la-limite-monotone.pdf,Théorème de la limite monotone,notes-analysis,142930,a44ce1ea42e33148dfb2c010202927b7456187b0f5a171c0771d6914414184f8
Fiches .zip::Fiches /Suites/limsup_inf.pdf,documents/resources/notes/analysis-probability/limsup-liminf.pdf,"Limsup, liminf",notes-analysis,176342,18cc06294d4330a83a78d997253032ba26b3cbe1fbffd5f7dd34c0735bd52354
Fiches .zip::Fiches /Suites/Cesàro.pdf,documents/resources/notes/analysis-probability/lemme-de-cesaro.pdf,Lemme de Cesàro,notes-analysis,202763,08d4b216e1af3ed6adc0f55f8ee8dd9a4be0d1a303030a23e8d8d51d93bc62c2
Fiches .zip::Fiches /Suites/Th_BW.pdf,documents/resources/notes/analysis-probability/theoreme-de-bolzano-weierstrass.pdf,Théorème de Bolzano–Weierstrass,notes-analysis,232570,e3e7170d2cf4d80214630eabd793bf16e2cc4006adb8e3e39e2ad1618bfb9fdc
Fiches .zip::Fiches /Suites/Chap_suites.pdf,documents/resources/notes/analysis-probability/suites-reelles.pdf,Suites réelles,notes-analysis,208222,6354e29db6d88c84a9a0a67127f85841f2ad316d60515a7c95e10541cfa3d898
Fiches .zip::Fiches /Suites/Pt_fixe.pdf,documents/resources/notes/analysis-probability/theoreme-du-point-fixe.pdf,Théorème du point fixe,notes-analysis,211485,d01ba5384700f4520ada3a45670feee1d8aa8e5d462b59abbbc1b8f922bc421b
Fiches .zip::Fiches /Séries/Crit_Abel.pdf,documents/resources/notes/analysis-probability/critere-d-abel.pdf,Critère d'Abel,notes-analysis,150464,6998902f675e21d5eb156916eb952988b2da30c2d20362e2e3c2971246101a22
Fiches .zip::Fiches /Séries/Fiche_cours.pdf,documents/resources/notes/analysis-probability/series-numeriques.pdf,Séries numériques,notes-analysis,265498,6e86aa77702108209c442b1870b241c09f9e15d6d221c67b1744c43bd17ff3ff
Fiches .zip::Fiches /Séries/exp_complexe.pdf,documents/resources/notes/analysis-probability/forme-exponentielle-d-un-nombre-complexe.pdf,Forme exponentielle d’un nombre complexe,notes-analysis,174160,d60cd8a96927a64b0cb0c5b0fe0d9c5ba8f9f93abaf47feadc96ebb8e5acc99d
Fiches .zip::Fiches /Séries/ln.pdf,documents/resources/notes/analysis-probability/logarithme-et-serie.pdf,Logarithme et série,notes-analysis,161480,480521488c2b3da62e05c4bf7ab13294269d9e543c8af663e114a8fdea28ce1d
Fiches .zip::Fiches /Arithmétique_K[X]/Poly_cours .pdf,documents/resources/notes/algebra/arithmetique-dans-krxs.pdf,Arithmétique dans KrXs,notes-algebra,275562,fd6614a1c1932e1a31d57ae886f7749c8b219dc649b4efdb745de8f197d05add
Fiches .zip::Fiches /Arithmétique_Z/Legendre.pdf,documents/resources/notes/algebra/valuation-p-adique.pdf,Valuation p-adique,notes-algebra,218941,aa5a06ea169cf0e431fa9c57162d13b914c6683020176a39373a984975a8f721
Fiches .zip::Fiches /Arithmétique_Z/Prod_k_entiers_consecutifs.pdf,documents/resources/notes/algebra/recurrence-emboitee.pdf,Récurrence emboîtée,notes-algebra,194092,4b9b285274b9612670b93a47de2fce4b61130fd0dd3db4d29eb8c11017913c60
Fiches .zip::Fiches /Arithmétique_Z/Poly_cours.pdf,documents/resources/notes/algebra/arithmetique-dans-z.pdf,Arithmétique dans ℤ,notes-algebra,370143,caee25af8609263e1ed6cac4a0fc0b2f2f5aa8bbfb3cf788aac57461d1d5c5db
Fiches .zip::Fiches /Arithmétique_Z/Kurshchak.pdf,documents/resources/notes/algebra/theoreme-de-kurshchak.pdf,Théorème de Kurshchak,notes-algebra,174132,c47434a88f12ef6d9d931a134369353d6b51a295d43f41c865cf25df8953d6c6
Fiches .zip::Fiches /Fractions_rationnelles_K(X)/Th_LUCAS.pdf,documents/resources/notes/algebra/theoreme-edouard-lucas-1842-1891-si-p-p-crxs-est-de-degre-n-e-2-alors-les-racines-de-p-1.pdf,Théorème — Édouard Lucas (1842-1891). Si P P CrXs est de degré n ě 2 alors les racines de P 1,notes-algebra,142698,66ed332cc0fba4058b9d6ce0a38c3b7efd6282c4b46ea2ffb79ec315849b79a7
Fiches .zip::Fiches /Fractions_rationnelles_K(X)/Poly_cours.pdf,documents/resources/notes/algebra/fractions-rationnelles.pdf,Fractions rationnelles,notes-algebra,258712,15c87a76f1176f7cc1c82e232b053cba8e71fab2ecae670f9ae7294179385515
Fiches .zip::Fiches /Fractions_rationnelles_K(X)/Fiche.pdf,documents/resources/notes/algebra/fractions-rationnelles-7e684c0.pdf,Fractions rationnelles,notes-algebra,218763,ee26891c7eb0e618e2b5ee54ba37aff4cc1e66fca577ad9e9e8043466001bb57
Fiches .zip::Fiches /R/Borne_sup_.pdf,documents/resources/notes/analysis-probability/theoreme-de-la-borne-superieure.pdf,Théorème de la borne supérieure,notes-analysis,149813,69aec749f797b9dceeafe0b93146695113550c4fa818e3667e412fdc29aa38bf
Fiches .zip::Fiches /R/R_non_denom.pdf,documents/resources/notes/analysis-probability/non-denombrabilite-de-r.pdf,Non-dénombrabilité de ℝ,notes-analysis,172804,b45287231ebce8e06936bb18db0b3dba180eacc69a6badd97c69134ebe030281
Fiches .zip::Fiches /R/ENS_ADJ.pdf,documents/resources/notes/analysis-probability/couple-d-ensembles-adjacents.pdf,Couple d’ensembles adjacents,notes-analysis,173518,8c533bbe1d2d40e808f2e8436764dcde5c8f7b75d5ffa817334a4df93e04a7b3
Fiches .zip::Fiches /R/Int_cont.pdf,documents/resources/notes/analysis-probability/intervalles-de-r-et-continuite-des-fonctions.pdf,Intervalles de ℝ et continuité des fonctions,notes-analysis,263670,0d3d7c62bc8258d72ae9afcdc09cdd5196b71465d6b6392f8ef6cb15067798b9
Fiches .zip::Fiches /R/Topo_Intro.pdf,documents/resources/notes/analysis-probability/introduction-a-la-topologie-de-r.pdf,Introduction à la topologie de ℝ,notes-analysis,226614,a989f84facefbae1cdc4bcb0f3a4b12c9d05cd838f68a1fc20e8134ad623d787
Fiches .zip::Fiches /Trigonométrie/Trig_3.pdf,documents/resources/notes/other/trigonometrie-hyperbolique.pdf,Trigonométrie hyperbolique,notes-other,140396,2dc7c6a15e43b5c5417c14ad1659966dfdb250e101c034190be0585ced8ef834
Fiches .zip::Fiches /Trigonométrie/Trig_2.pdf,documents/resources/notes/other/fonctions-reciproques.pdf,Fonctions réciproques,notes-other,144341,f75446bc1011723f7dc2a24fa6465448120973b650024e2aeaccb135f3e4edb5
Fiches .zip::Fiches /Trigonométrie/Trig_1.pdf,documents/resources/notes/other/trigonometrie-circulaire.pdf,Trigonométrie circulaire,notes-other,102447,91e78d5260f4288a251f14d695c1bb0ea9ad7c5eb38c25260bd3ee5517c9408e
Fiches .zip::Fiches /Groupes/G_f(x).pdf,documents/resources/notes/algebra/exercice.pdf,Exercice,notes-algebra,135265,6910addc849ad0679a89e8033c1ff6729ede8ddeab347da5b1d4af87a64d9d25
Fiches .zip::Fiches /Groupes/Z_nZ.pdf,documents/resources/notes/algebra/sous-groupes-de-z.pdf,Sous-groupes de ℤ,notes-algebra,145552,d09806ff8cf219f3140fff29749bdeaddcb7035c35490c577920bff7448edc99
Fiches .zip::Fiches /Groupes/Groupes_.pdf,documents/resources/notes/algebra/structures-algebriques.pdf,Structures algébriques,notes-algebra,170484,bca51af4882f5641e59fc5969d53bc9fc13b1dbecbcc05d4bbeed6e2ccb11ab2
Fiches .zip::Fiches /Groupes/Structures_AG.pdf,documents/resources/notes/algebra/groupes-anneaux-corps.pdf,"Groupes, anneaux, corps",notes-algebra,246844,9ff187b38aa12c29f6879825cc95f42eff098eefb7c44e18c089d2e4e927d5f0
Fiches .zip::Fiches /Groupes/Lagrange.pdf,documents/resources/notes/algebra/theoreme-de-lagrange.pdf,Théorème de Lagrange,notes-algebra,141977,8483c4a88bd0b64360cdbd3231f6f4bf98fc201c7b5fb64668bbd0bb8e0df029
Fiches .zip::Fiches /Groupes/TH_Lagrange.pdf,documents/resources/notes/algebra/theoreme-de-lagrange-cbbc7bd.pdf,Théorème de Lagrange,notes-algebra,217006,3286eab4a5e6b9d1adcc8ac7d00a1184eea3cdefaa3fc6396ec9c3db0b6685f0
Fiches .zip::Fiches /Polynômes/A_RETENIR.pdf,documents/resources/notes/algebra/a-retenir.pdf,À retenir,notes-algebra,152789,58e041df1b06a97ac2e15670dd94b4338318e5ea3a20522a0b73eba55b3e5800
Fiches .zip::Fiches /Polynômes/Decomp_.pdf,documents/resources/notes/algebra/decomposition-en-elements-simples.pdf,Décomposition en éléments simples,notes-algebra,195881,92d686930255423e51649237f23c63a40cabc6edb27e72ced2bf026f6474f443
Fiches .zip::Fiches /Polynômes/Poly_cours.pdf,documents/resources/notes/algebra/polynomes.pdf,Polynômes,notes-algebra,372120,88789a4411cef75b41a29c99a01f29ba97ebefd95a825c476f869b31e673af23
Fiches .zip::Fiches /Polynômes/Th.pdf,documents/resources/notes/algebra/polynomes-84212df.pdf,Polynômes,notes-algebra,153953,301c2f742c6934036396f1e98a507697c3cb383481062474559c4fc69b3931a7
Fiches .zip::Fiches /Développements_limités/DL.pdf,documents/resources/notes/analysis-probability/developpements-limites.pdf,Développements limités,notes-analysis,233869,13d94e03e120e7fdbd9773a1fbe164f1e939888dc33110ba3af2ce50d9d4edb2
Fiches .zip::Fiches /Espaces_vectoriels_dim/A_retenir.pdf,documents/resources/notes/linear-algebra-geometry/a-retenir-ev-et-dim-finie.pdf,À retenir : ev et dim finie,notes-linear,184784,0408a6cafcf817a781169f0a23633986bea972deea22a9b460adf3495e47f819
Fiches .zip::Fiches /Espaces_vectoriels_dim/DIM_EV.pdf,documents/resources/notes/linear-algebra-geometry/dimension-d-un-espace-vectoriel.pdf,Dimension d’un espace vectoriel,notes-linear,277515,8323d0e73be96c4c6bfd49fc621d0a3c7666b548f7c94fa96e898daf5e0b7859
Fiches .zip::Fiches /Espaces_vectoriels_dim/Hyperplan.pdf,documents/resources/notes/linear-algebra-geometry/hyperplan.pdf,Hyperplan,notes-linear,222417,de894668811c01557fdac43223232d500187cf0e86b778258bb53f98cec0f63a
Fiches .zip::Fiches /Espaces_vectoriels_dim/FL.pdf,documents/resources/notes/linear-algebra-geometry/proposition-soient-e-un-k-ev-ainsi-que-f-g-l-e-k-deux-formes-lineaires-non-nulles-alors.pdf,"Proposition. Soient E un K-ev, ainsi que f, g ∈L∗(E, K) deux formes linéaires non nulles. Alors :",notes-linear,150047,f72e3560cee7fe813796a8420ee37c3be1df585398f904d1cc57dcfa168aec9b
Fiches .zip::Fiches /Espaces_vectoriels_dim/EV.pdf,documents/resources/notes/linear-algebra-geometry/espaces-vectoriels.pdf,Espaces vectoriels,notes-linear,377571,d73a5b0db5d9ad5a8b3856267c11dba2f30b212641d42562383c0255bacf5c92
Fiches .zip::Fiches /Espaces_vectoriels_dim/LEMME.pdf,documents/resources/notes/linear-algebra-geometry/un-lemme.pdf,Un lemme,notes-linear,166013,9380adc7196f264d10638cf0edc18413e61b4b659e1c824a5d30b85fb956ae9c
Fiches .zip::Fiches /Groupe_symétrique/Fiche_cours.pdf,documents/resources/notes/algebra/groupes-groupe-symetrique-et-relations-d-equivalence.pdf,"Groupes, groupe symétrique et relations d’équivalence",notes-algebra,413169,51ed31997f96991bddf0f9c4bbfbd663cde1d46b678d704f82e357e42e3bd454
Fiches .zip::Fiches /Dénombrement/Combinatoire.pdf,documents/resources/notes/other/quelques-demonstrations-combinatoires.pdf,Quelques démonstrations combinatoires,notes-other,180177,1e069d7e3aed8eae45322b5b7b99a3023cc49c0f863405a844317ab2597efa0e
Fiches .zip::Fiches /Intégration/EX_Integration.pdf,documents/resources/notes/analysis-probability/proposition.pdf,Proposition,notes-analysis,141260,0ada6f7e5417d78e1efdf2d4b718abac954d12280b7ddc940400add8877fd534
Fiches .zip::Fiches /Intégration/Int_Gauss.pdf,documents/resources/notes/analysis-probability/integrale-de-gauss.pdf,Intégrale de Gauss,notes-analysis,176858,079890b4969c3c9a02a4364687979c36949f56c17f6a901443dc7dc8deb1e849
Fiches .zip::Fiches /Applications/CB_EX.pdf,documents/resources/notes/analysis-probability/theoreme-de-cantor-bernstein.pdf,Théorème de Cantor Bernstein,notes-analysis,167393,6b1e0f7aca25f4bc54958d4fe3ef79fab2d0580c91cef183b6f483af2c3071bc
Fiches .zip::Fiches /Applications/Th_CB.pdf,documents/resources/notes/analysis-probability/le-theoreme-de-cantor-bernstein-schroder.pdf,Le théorème de Cantor-Bernstein-Schröder,notes-analysis,230026,fe5c69eae9f63c910d0e3d02c92d98e15f5d658cb932758a4a93b3e163ac6277
Fiches .zip::Fiches /Probabilités/WEIERSTRASS.pdf,documents/resources/notes/analysis-probability/theoreme-de-weierstrass.pdf,Théorème de Weierstrass,notes-analysis,207008,78776e704985e7fb9c7b721f5deefa73a38a348ad305f7d59471d3c3dc91ae32
Fiches .zip::Fiches /Probabilités/VAR.pdf,documents/resources/notes/analysis-probability/variables-aleatoires.pdf,Variables aléatoires,notes-analysis,180318,3b046cd872a7a61c90bfc0252e7a1b7e59058cf929f54f3ea3a66df017ab4540
Fiches .zip::Fiches /Probabilités/Complements.pdf,documents/resources/notes/analysis-probability/complements.pdf,Compléments,notes-analysis,200930,ecce8173db164bb21a04a1b375f4417a103c11febcf74afa5c3879ff1c93518d
Fiches .zip::Fiches /Continuité_dérivabilité/CONT_UNIFORME.pdf,documents/resources/notes/analysis-probability/continuite-uniforme.pdf,Continuité uniforme,notes-analysis,310425,0299548b4c7197addc92157032e07bee0669c7911eba3ad28ae5cc21e270b7eb
Fiches .zip::Fiches /Continuité_dérivabilité/Compléments .pdf,documents/resources/notes/analysis-probability/complements-de-cours.pdf,Compléments de cours,notes-analysis,257062,22034751a22cbf4be4ccf3990334ca9e7ce416cd0a2af580f59504698958f066
Fiches .zip::Fiches /Continuité_dérivabilité/DER_.pdf,documents/resources/notes/analysis-probability/fonctions-derivables.pdf,Fonctions dérivables,notes-analysis,202390,6d3cc8b37bb05d20c0b323210b8db30bfa3f670f3014725d4d4f436ac581e418
Fiches .zip::Fiches /Continuité_dérivabilité/Rolle_AF_TVI.pdf,documents/resources/notes/analysis-probability/continuite-et-derivabilite.pdf,Continuité et dérivabilité,notes-analysis,218736,cddcf9c783e2d0072d1d5fd8efa78bfc53489aa935a5b24ab9771ae9eef47082
Fiches .zip::Fiches /Continuité_dérivabilité/Th_fond_Analyse.pdf,documents/resources/notes/analysis-probability/theoreme-fondamental-de-l-analyse.pdf,Théorème fondamental de l'analyse,notes-analysis,161416,431de22d6e9dc2dc44637f1eaf99213688a9c0c3b203f54042ae7cb6d174dafc
Fiches .zip::Fiches /Continuité_dérivabilité/Th_bij_v_der.pdf,documents/resources/notes/analysis-probability/theoreme-de-la-bijection-version-derivable.pdf,Théorème de la bijection (version dérivable),notes-analysis,163196,a78fa2ab0042d9f7f0aa5088e2d46b32e62b1a686c8533a2a4499938b46ecf42
Fiches .zip::Fiches /Continuité_dérivabilité/Hopital_dem.pdf,documents/resources/notes/analysis-probability/la-regle-de-l-hopital.pdf,La règle de L’Hôpital,notes-analysis,184459,91ad07d9ad52e0a1ee02e03a460477a441fb52e23684184db3d137ee8e62d0a3
Fiches .zip::Fiches /Continuité_dérivabilité/CONT_.pdf,documents/resources/notes/analysis-probability/limite-et-continuite.pdf,Limite et continuité,notes-analysis,318131,af8f6483af958e66e33034c8f4eb2d17467eb9ea56f19c2b0b71320d46c4157b
Fiches .zip::Fiches /Continuité_dérivabilité/Rolle_G.pdf,documents/resources/notes/analysis-probability/theoreme-de-rolle.pdf,Théorème de Rolle,notes-analysis,203717,21cdcea48c6e62091f7e662617f3896b7c34b7f15557b81b20d0b71c211751a4
Fiches .zip::Fiches /Matrices/A_retenir.pdf,documents/resources/notes/linear-algebra-geometry/a-retenir.pdf,À retenir,notes-linear,168926,4084f298304929fd6d09f9f203b090da2384af4149bbf8bbcc146e87427cc526
Fiches .zip::Fiches /Matrices/rang.pdf,documents/resources/notes/linear-algebra-geometry/notion-de-rang.pdf,Notion de rang,notes-linear,209372,a6758643aaaa66398d28873ca03b0b367585fa80b9bdbe15d5a9c4301f499ba2
Fiches .zip::Fiches /Matrices/CAL.pdf,documents/resources/notes/linear-algebra-geometry/complements-d-algebre-lineaire.pdf,Compléments d’algèbre linéaire,notes-linear,285285,f925c31afe9f278d69554f580b51835496f01648c03f0e5c663270aa47deb8dd
Fiches .zip::Fiches /Matrices/prop.pdf,documents/resources/notes/linear-algebra-geometry/matrices.pdf,Matrices,notes-linear,177932,5fbf5895fa8c81f2ef2463f99eba424bdddd436ed306803e0164c00a9fd8570c
Fiches .zip::Fiches /Matrices/Fiche_cours.pdf,documents/resources/notes/linear-algebra-geometry/matrices-07bfae6.pdf,Matrices,notes-linear,301668,7efa9848468b36afbeeb192cd16d1cee3b69584efeb8ecd60137493aec99cbbc
Fiches.zip::Fiches/Arithmétique/prop_indicatrice_euler.pdf,documents/resources/notes/algebra/l-indicatrice-d-euler.pdf,L’indicatrice d’Euler,notes-algebra,157617,da35416eac225d09d8a5a3af4d5be0629b1ce8dfe1901ac1e18cb22d847dd78a
Fiches.zip::Fiches/Arithmétique/Complement.pdf,documents/resources/notes/algebra/complements-d-arithmetique.pdf,Compléments d’arithmétique,notes-algebra,356543,2d6f5dbe24f55e4373b0ed47ee1e09fdcb25cdcf872cce0661e1dba272fd261f
Fiches.zip::Fiches/Topologie/Normes_equiv.pdf,documents/resources/notes/analysis-probability/equivalence-des-normes-en-dimension-finie.pdf,Équivalence des normes en dimension finie,notes-analysis,164717,26e8daff2fa0fc53888a9c33d1735cae74f6a994b8512c63a6336863e308a4c7
Fiches.zip::Fiches/Topologie/Continuité.pdf,documents/resources/notes/analysis-probability/continuite-et-applications-lineaires.pdf,Continuité et applications linéaires,notes-analysis,169445,2a12241e2c8b7604827eb8fb69ce43eeae99a6c5c9bb4b1965b40a0da3c0c602
Fiches.zip::Fiches/Groupes/Lemme de Cauchy.pdf,documents/resources/notes/algebra/lemme-de-cauchy.pdf,Lemme de Cauchy,notes-algebra,180259,1d6363e3c92e2ea657fda6994393e4c99989ec231fd88345f23ac0a47246c3f9
Fiches.zip::Fiches/Groupes/Aut_Klein.pdf,documents/resources/notes/algebra/automorphismes-du-groupe-de-klein.pdf,Automorphismes du groupe de Klein,notes-algebra,155137,a18518d3c8073655566d44e565d060ff8d5a28daac73f83b0161798e5e672272
Fiches.zip::Fiches/Groupes/Exo_CC.pdf,documents/resources/notes/algebra/exos.pdf,Exos,notes-algebra,97949,ecac7ac3d4b01593ed9481987038b089470ce332461f15b6de18be3a10d8d322
Fiches.zip::Fiches/Groupes/Groupes_Diedraux.pdf,documents/resources/notes/algebra/groupes-diedraux.pdf,Groupes diédraux,notes-algebra,270773,4bc4aba5c81b071c9c7c7abf472dbba376a1f61c838a1223fb62e572115c4bdf
Fiches.zip::Fiches/Groupes/Frattini.pdf,documents/resources/notes/algebra/sous-groupe-de-frattini.pdf,Sous-groupe de Frattini,notes-algebra,142568,517caf35ed62c729438fb339498df622d06407f2e7175e43ec6a4907a5d3b999
Fiches.zip::Fiches/Groupes/Groupes_resolubles.pdf,documents/resources/notes/algebra/groupes-resolubles.pdf,Groupes résolubles,notes-algebra,251227,b41607e1737b6c5adbe1c79a7a6b253dc9d3b49c8f2939d8e9832e3ac150a927
Fiches.zip::Fiches/Groupes/Exposant.pdf,documents/resources/notes/algebra/exposant-d-un-groupe-abelien-fini.pdf,Exposant d’un groupe abélien fini,notes-algebra,242944,d184778da39230fc8f67032e379d07b5b2af36ae9db22329ee5456d7d376a3cc
Fiches.zip::Fiches/Oral/Alexandre_Autran.pdf,documents/resources/notes/algebra/oral-de-mathematiques.pdf,Oral de mathématiques,notes-algebra,185429,e5e98d56915f01634c7c1b6d51e850a9297f29773ba9fb723d80a7effefdad03
Fiches.zip::Fiches/Analyse/Suites et series de fonctions.pdf,documents/resources/notes/analysis-probability/suites-et-series-de-fonctions.pdf,Suites et séries de fonctions,notes-analysis,219100,79daf40b28e397102f11c207536fd50181563c5075ad3f630b8d5b501488351d
Fiches.zip::Fiches/Analyse/Théorème_Darboux.pdf,documents/resources/notes/analysis-probability/theoreme-de-darboux.pdf,Théorème de Darboux,notes-analysis,181520,ad07226d77ad5043de41273d65560d4d7b874c257ceea55114617dc23a288881
Fiches.zip::Fiches/Analyse/Series_entieres.pdf,documents/resources/notes/analysis-probability/series-entieres.pdf,Séries entières,notes-analysis,316485,ae8463d5145ab0a5d66a9e29167738bec99392b4af42b8d405b1bd9847987654
Fiches.zip::Fiches/Analyse/Irrationalité_pi.pdf,documents/resources/notes/analysis-probability/irrationalite-du-nombre-pi.pdf,Irrationalité du nombre π,notes-analysis,246493,e48141869da2fb779763a95fa10443fd5ea22257e7bfe33d1f74b022ed095985
Fiches.zip::Fiches/Réduction/Endo_nilp_Jordan.pdf,documents/resources/notes/algebra/endomorphismes-nilpotents-et-matrices-de-jordan.pdf,Endomorphismes nilpotents et matrices de Jordan,notes-algebra,212002,b6bf5b2efb72b8d28cac7ab6a2574262b3cf7e936ff4bfd08b7150b3f2c2318b
Fiches.zip::Fiches/Réduction/Th_noyau.pdf,documents/resources/notes/algebra/theoreme-de-decomposition-des-noyaux.pdf,Théorème de décomposition des noyaux,notes-algebra,212705,e230fc6e705940795c4a5ebde046423e36b77a69c2b9c818518d42a15e90ce03
Fiches.zip::Fiches/Réduction/Th_Cayley_Hamilton.pdf,documents/resources/notes/algebra/theoreme-de-cayley-hamilton.pdf,Théorème de Cayley–Hamilton,notes-algebra,207151,d4a0760ee45de2d7e2c424d132a6c364bba388579cb5767f8224b4623f7eb7b2
Fiches.zip::Fiches/Réduction/Jordan_Chevalley.pdf,documents/resources/notes/algebra/decomposition-de-jordan-chevalley.pdf,Décomposition de Jordan–Chevalley,notes-algebra,201107,e0291e9c260d612743da0d6e39c6d3b971588298784f3f7345c154f38b8796e8
Fiches.zip::Fiches/Réduction/Diag_Trig.pdf,documents/resources/notes/algebra/diagonalisation-et-trigonalisation.pdf,Diagonalisation et trigonalisation,notes-algebra,232231,0b615c5c443a37d9bb4d3a6a80ae953550e36ba1bb3a9e012089ed13a16847ed
Fiches.zip::Fiches/Autre fiches/Exo_hyperplans.pdf,documents/resources/notes/linear-algebra-geometry/exercice-soit-e-un-k-espace-vectoriel-de-dimension-n-e-2-h-et-k-deux-hyperplans-distincts-de-e.pdf,"Exercice. Soit E un K-espace vectoriel de dimension n ě 2, H et K deux hyperplans distincts de E",notes-linear,91900,e6e191325764284288df0846a47820e4791e1088857e6f5cd5170a9f2a5e04b5
Fiches.zip::Fiches/Autre fiches/ANNEAUX.pdf,documents/resources/notes/algebra/anneaux-et-arithmetique.pdf,Anneaux et arithmétique,notes-algebra,448594,8cede521c7ef386db0007f157f0979a391834f3200e5f73179cabe8ccfe9e1b8
Fiches.zip::Fiches/Autre fiches/TOPOLOGIE.pdf,documents/resources/notes/analysis-probability/introduction-a-la-topologie.pdf,INTRODUCTION À LA TOPOLOGIE,notes-analysis,312774,01f2dd7a1df3a8c21e2fd924e914abcf167179c2327aec79e65ec173c41408b7
Fiches.zip::Fiches/Autre fiches/THEORIE_DES_GROUPES.pdf,documents/resources/notes/algebra/theorie-des-groupes.pdf,Théorie des Groupes,notes-algebra,646245,8abe6907cd0d7a2d6618da3fc015e4eabd0436f981b5427cbd794785efa045a6
Fiches.zip::Fiches/Autre fiches/algebre_lineaire.pdf,documents/resources/notes/linear-algebra-geometry/algebre-lineaire.pdf,ALGÈBRE LINÉAIRE,notes-linear,372890,1b89ab11dd0bca7ec5ea7605169cfacab2beb856166ff3b10e41d20ad4b874fa
TD1.pdf,documents/resources/exercise-sheets/feuille-01.pdf,Feuille n°1,exercise-sheets,179046,c25e33c0f96e7ef0155a49452b92386fdd1b6edb57a350f5d7c3b759b47bc9de
TD2.pdf,documents/resources/exercise-sheets/feuille-02.pdf,Feuille n°2,exercise-sheets,224832,46412e84b9fd1869712045f7c8b599982e87a6fe695dec15549cb015ab97d536
TD3.pdf,documents/resources/exercise-sheets/feuille-03.pdf,Feuille n°3,exercise-sheets,214788,bcf415b4e60ac6db6f4cddcf188891e421619a08d2c92d86037cc3d0a0173238
TD4.pdf,documents/resources/exercise-sheets/feuille-04.pdf,Feuille n°4,exercise-sheets,230815,89228f7b684f4fe4c0a1cbf76c6a55f4471a20d1b7aad0f80f0824e128ae04ac
TD5.pdf,documents/resources/exercise-sheets/feuille-05.pdf,Feuille n°5,exercise-sheets,231106,0b2fe787af0f2a55d331511df60c65439e69ebc43adb5715a1cf5088740c076b
TD6.pdf,documents/resources/exercise-sheets/feuille-06.pdf,Feuille n°6,exercise-sheets,291517,19936ebd3fdae84ecb41d9feb742be0355121949957ed84165e281d2ca704079
TD7.pdf,documents/resources/exercise-sheets/feuille-07.pdf,Feuille n°7,exercise-sheets,181914,39ea1066eabc0a97171e0ab0c930ca35422c045fa20029e63aac9b24c8ef6594
TD8.pdf,documents/resources/exercise-sheets/feuille-08.pdf,Feuille n°8,exercise-sheets,241724,b0257d9c36b4c9462b2d6b80285301375bf29d56b88170d4766aff9baac045e1
TD9.pdf,documents/resources/exercise-sheets/feuille-09.pdf,Feuille n°9,exercise-sheets,219744,578a49f4970cad27cc24ad72c359579ecd4d8fc7643f96bc874c219c8c92eca0
TD10.pdf,documents/resources/exercise-sheets/feuille-10.pdf,Feuille n°10,exercise-sheets,189980,d8f9917018258a2703a28d6acbe0a26b75d12fee08a1d531ffca538e0e71eeb4
